﻿<?xml version="1.0" encoding="utf-8"?>
<abapGit version="v1.0.0" serializer="LCL_OBJECT_ENQU" serializer_version="v1.0.0">
 <asx:abap xmlns:asx="http://www.sap.com/abapxml" version="1.0">
  <asx:values>
   <DD25V>
    <VIEWNAME>EZREQ02</VIEWNAME>
    <DDLANGUAGE>E</DDLANGUAGE>
    <AGGTYPE>E</AGGTYPE>
    <ROOTTAB>ZTREQMENU_02</ROOTTAB>
    <DDTEXT>Lock Object Requiremenu</DDTEXT>
   </DD25V>
   <DD26E_TABLE>
    <DD26E>
     <VIEWNAME>EZREQ02</VIEWNAME>
     <TABNAME>ZTREQMENU_02</TABNAME>
     <TABPOS>0001</TABPOS>
     <FORTABNAME>ZTREQMENU_02</FORTABNAME>
     <ENQMODE>E</ENQMODE>
    </DD26E>
   </DD26E_TABLE>
   <DD27P_TABLE>
    <DD27P>
     <VIEWNAME>EZREQ02</VIEWNAME>
     <OBJPOS>0001</OBJPOS>
     <VIEWFIELD>MANDT</VIEWFIELD>
     <TABNAME>ZTREQMENU_02</TABNAME>
     <FIELDNAME>MANDT</FIELDNAME>
     <KEYFLAG>X</KEYFLAG>
     <ENQMODE>E</ENQMODE>
     <CHECKTABLE>T000</CHECKTABLE>
     <SHLPORIGIN>P</SHLPORIGIN>
    </DD27P>
    <DD27P>
     <VIEWNAME>EZREQ02</VIEWNAME>
     <OBJPOS>0002</OBJPOS>
     <VIEWFIELD>REQID</VIEWFIELD>
     <TABNAME>ZTREQMENU_02</TABNAME>
     <FIELDNAME>REQID</FIELDNAME>
     <KEYFLAG>X</KEYFLAG>
     <ENQMODE>E</ENQMODE>
    </DD27P>
   </DD27P_TABLE>
  </asx:values>
 </asx:abap>
</abapGit>
