﻿<?xml version="1.0" encoding="utf-8"?>
<abapGit version="v1.0.0" serializer="LCL_OBJECT_MSAG" serializer_version="v1.0.0">
 <asx:abap xmlns:asx="http://www.sap.com/abapxml" version="1.0">
  <asx:values>
   <T100A>
    <ARBGB>YRM02_01</ARBGB>
    <MASTERLANG>E</MASTERLANG>
   </T100A>
   <T100>
    <T100>
     <SPRSL>E</SPRSL>
     <ARBGB>YRM02_01</ARBGB>
     <MSGNR>010</MSGNR>
     <TEXT>&amp; : &amp;, &amp; cannot get.</TEXT>
    </T100>
    <T100>
     <SPRSL>E</SPRSL>
     <ARBGB>YRM02_01</ARBGB>
     <MSGNR>011</MSGNR>
     <TEXT>&amp; : &amp; cannot get.</TEXT>
    </T100>
    <T100>
     <SPRSL>E</SPRSL>
     <ARBGB>YRM02_01</ARBGB>
     <MSGNR>012</MSGNR>
     <TEXT>There is no data &amp; : &amp; ~ &amp; .</TEXT>
    </T100>
    <T100>
     <SPRSL>E</SPRSL>
     <ARBGB>YRM02_01</ARBGB>
     <MSGNR>200</MSGNR>
     <TEXT>Occured error while creating alv.</TEXT>
    </T100>
   </T100>
  </asx:values>
 </asx:abap>
</abapGit>
