﻿<?xml version="1.0" encoding="utf-8"?>
<abapGit version="v1.0.0" serializer="LCL_OBJECT_TABL" serializer_version="v1.0.0">
 <asx:abap xmlns:asx="http://www.sap.com/abapxml" version="1.0">
  <asx:values>
   <DD02V>
    <TABNAME>YS02_01</TABNAME>
    <DDLANGUAGE>E</DDLANGUAGE>
    <TABCLASS>INTTAB</TABCLASS>
    <DDTEXT>Employee Address - Person number , orgeh , person name</DDTEXT>
   </DD02V>
   <DD03P_TABLE>
    <DD03P>
     <FIELDNAME>PERNR</FIELDNAME>
     <ROLLNAME>ZDEPERNR_02</ROLLNAME>
     <ADMINFIELD>0</ADMINFIELD>
     <SHLPORIGIN>X</SHLPORIGIN>
     <SHLPNAME>ZSH_PER_02</SHLPNAME>
     <SHLPFIELD>PERNR</SHLPFIELD>
     <COMPTYPE>E</COMPTYPE>
    </DD03P>
    <DD03P>
     <FIELDNAME>ORGEH</FIELDNAME>
     <ROLLNAME>ZDEORGEH_02</ROLLNAME>
     <ADMINFIELD>0</ADMINFIELD>
     <SHLPORIGIN>D</SHLPORIGIN>
     <COMPTYPE>E</COMPTYPE>
    </DD03P>
    <DD03P>
     <FIELDNAME>PNAME</FIELDNAME>
     <ROLLNAME>ZDEPNAME_02</ROLLNAME>
     <ADMINFIELD>0</ADMINFIELD>
     <COMPTYPE>E</COMPTYPE>
    </DD03P>
   </DD03P_TABLE>
   <DD35V_TALE>
    <DD35V>
     <FIELDNAME>PERNR</FIELDNAME>
     <SHLPNAME>ZSH_PER_02</SHLPNAME>
    </DD35V>
   </DD35V_TALE>
   <DD36M>
    <DD36M>
     <FIELDNAME>PERNR</FIELDNAME>
     <SHLPNAME>ZSH_PER_02</SHLPNAME>
     <SHLPFIELD>LANGU</SHLPFIELD>
     <FLPOSITION>0004</FLPOSITION>
     <SHTYPE>G</SHTYPE>
     <SHLPINPUT>X</SHLPINPUT>
     <ROLLNAME>SPRAS</ROLLNAME>
     <DOMNAME>SPRAS</DOMNAME>
     <DATATYPE>LANG</DATATYPE>
     <LENG>000001</LENG>
     <DEFAULTVAL>SY-LANGU</DEFAULTVAL>
     <DEFAULTTYP>S</DEFAULTTYP>
    </DD36M>
    <DD36M>
     <FIELDNAME>PERNR</FIELDNAME>
     <SHLPNAME>ZSH_PER_02</SHLPNAME>
     <SHLPFIELD>OTEXT</SHLPFIELD>
     <FLPOSITION>0003</FLPOSITION>
     <SHTYPE>G</SHTYPE>
     <SHLPOUTPUT>X</SHLPOUTPUT>
     <ROLLNAME>ZDEORGNAME_02</ROLLNAME>
     <DOMNAME>CHAR40</DOMNAME>
     <DATATYPE>CHAR</DATATYPE>
     <LENG>000040</LENG>
    </DD36M>
    <DD36M>
     <FIELDNAME>PERNR</FIELDNAME>
     <SHLPNAME>ZSH_PER_02</SHLPNAME>
     <SHLPFIELD>PERNR</SHLPFIELD>
     <FLPOSITION>0001</FLPOSITION>
     <SHTABLE>YS02_01</SHTABLE>
     <SHFIELD>PERNR</SHFIELD>
     <SHLPINPUT>X</SHLPINPUT>
     <SHLPOUTPUT>X</SHLPOUTPUT>
     <ROLLNAME>ZDEPERNR_02</ROLLNAME>
     <DOMNAME>ZDPERNR_02</DOMNAME>
     <DATATYPE>NUMC</DATATYPE>
     <LENG>000008</LENG>
    </DD36M>
    <DD36M>
     <FIELDNAME>PERNR</FIELDNAME>
     <SHLPNAME>ZSH_PER_02</SHLPNAME>
     <SHLPFIELD>PNAME</SHLPFIELD>
     <FLPOSITION>0002</FLPOSITION>
     <SHTABLE>YS02_01</SHTABLE>
     <SHFIELD>PNAME</SHFIELD>
     <SHLPOUTPUT>X</SHLPOUTPUT>
     <ROLLNAME>ZDEPNAME_02</ROLLNAME>
     <DOMNAME>ZDPNAME_02</DOMNAME>
     <DATATYPE>CHAR</DATATYPE>
     <LENG>000040</LENG>
    </DD36M>
   </DD36M>
  </asx:values>
 </asx:abap>
</abapGit>
