﻿<?xml version="1.0" encoding="utf-8"?>
<abapGit version="v1.0.0" serializer="LCL_OBJECT_MSAG" serializer_version="v1.0.0">
 <asx:abap xmlns:asx="http://www.sap.com/abapxml" version="1.0">
  <asx:values>
   <T100A>
    <ARBGB>YSAP02_02</ARBGB>
    <MASTERLANG>E</MASTERLANG>
   </T100A>
   <T100>
    <T100>
     <SPRSL>E</SPRSL>
     <ARBGB>YSAP02_02</ARBGB>
     <MSGNR>001</MSGNR>
     <TEXT>Fill the Address</TEXT>
    </T100>
    <T100>
     <SPRSL>E</SPRSL>
     <ARBGB>YSAP02_02</ARBGB>
     <MSGNR>010</MSGNR>
     <TEXT>Failed to Save</TEXT>
    </T100>
    <T100>
     <SPRSL>E</SPRSL>
     <ARBGB>YSAP02_02</ARBGB>
     <MSGNR>011</MSGNR>
     <TEXT>Data is locked</TEXT>
    </T100>
    <T100>
     <SPRSL>E</SPRSL>
     <ARBGB>YSAP02_02</ARBGB>
     <MSGNR>020</MSGNR>
     <TEXT>Please Select button what you want to modify</TEXT>
    </T100>
   </T100>
  </asx:values>
 </asx:abap>
</abapGit>
