﻿<?xml version="1.0" encoding="utf-8"?>
<abapGit version="v1.0.0" serializer="LCL_OBJECT_DTEL" serializer_version="v1.0.0">
 <asx:abap xmlns:asx="http://www.sap.com/abapxml" version="1.0">
  <asx:values>
   <DD04V>
    <ROLLNAME>ZDCHANGEDTIME_02</ROLLNAME>
    <DDLANGUAGE>E</DDLANGUAGE>
    <DOMNAME>TIME</DOMNAME>
    <HEADLEN>15</HEADLEN>
    <SCRLEN1>08</SCRLEN1>
    <SCRLEN2>15</SCRLEN2>
    <SCRLEN3>15</SCRLEN3>
    <DDTEXT>Changed Time</DDTEXT>
    <REPTEXT>Changed Time</REPTEXT>
    <SCRTEXT_S>ChgTime</SCRTEXT_S>
    <SCRTEXT_M>Changed Time</SCRTEXT_M>
    <SCRTEXT_L>Changed Time</SCRTEXT_L>
    <DTELMASTER>E</DTELMASTER>
    <REFKIND>D</REFKIND>
   </DD04V>
  </asx:values>
 </asx:abap>
</abapGit>
