﻿<?xml version="1.0" encoding="utf-8"?>
<abapGit version="v1.0.0" serializer="LCL_OBJECT_DTEL" serializer_version="v1.0.0">
 <asx:abap xmlns:asx="http://www.sap.com/abapxml" version="1.0">
  <asx:values>
   <DD04V>
    <ROLLNAME>ZDCHANGEDDAY_02</ROLLNAME>
    <DDLANGUAGE>E</DDLANGUAGE>
    <DOMNAME>DATS</DOMNAME>
    <HEADLEN>16</HEADLEN>
    <SCRLEN1>08</SCRLEN1>
    <SCRLEN2>16</SCRLEN2>
    <SCRLEN3>20</SCRLEN3>
    <DDTEXT>Changed Date</DDTEXT>
    <REPTEXT>ChangeDate</REPTEXT>
    <SCRTEXT_S>ChgDate</SCRTEXT_S>
    <SCRTEXT_M>ChangeDate</SCRTEXT_M>
    <SCRTEXT_L>Changed Dated</SCRTEXT_L>
    <DTELMASTER>E</DTELMASTER>
    <REFKIND>D</REFKIND>
   </DD04V>
  </asx:values>
 </asx:abap>
</abapGit>
