﻿<?xml version="1.0" encoding="utf-8"?>
<abapGit version="v1.0.0" serializer="LCL_OBJECT_DTEL" serializer_version="v1.0.0">
 <asx:abap xmlns:asx="http://www.sap.com/abapxml" version="1.0">
  <asx:values>
   <DD04V>
    <ROLLNAME>ZDECANCELLED_02</ROLLNAME>
    <DDLANGUAGE>E</DDLANGUAGE>
    <DOMNAME>ZDCANCELLED_02</DOMNAME>
    <HEADLEN>55</HEADLEN>
    <SCRLEN1>10</SCRLEN1>
    <SCRLEN2>20</SCRLEN2>
    <SCRLEN3>40</SCRLEN3>
    <DDTEXT>Cancel</DDTEXT>
    <REPTEXT>Cancel</REPTEXT>
    <SCRTEXT_S>Cancel</SCRTEXT_S>
    <SCRTEXT_M>Cancel</SCRTEXT_M>
    <SCRTEXT_L>Cancel</SCRTEXT_L>
    <DTELMASTER>E</DTELMASTER>
    <REFKIND>D</REFKIND>
   </DD04V>
   <I18N_LANGS>
    <LANGU>3</LANGU>
   </I18N_LANGS>
   <DD04_TEXTS>
    <item>
     <DDLANGUAGE>3</DDLANGUAGE>
     <DDTEXT>취소</DDTEXT>
     <REPTEXT>취소</REPTEXT>
     <SCRTEXT_S>취소</SCRTEXT_S>
     <SCRTEXT_M>취소</SCRTEXT_M>
     <SCRTEXT_L>취소</SCRTEXT_L>
    </item>
   </DD04_TEXTS>
  </asx:values>
 </asx:abap>
</abapGit>
