﻿<?xml version="1.0" encoding="utf-8"?>
<abapGit version="v1.0.0" serializer="LCL_OBJECT_DTEL" serializer_version="v1.0.0">
 <asx:abap xmlns:asx="http://www.sap.com/abapxml" version="1.0">
  <asx:values>
   <DD04V>
    <ROLLNAME>ZDEHOME_02</ROLLNAME>
    <DDLANGUAGE>E</DDLANGUAGE>
    <DOMNAME>CHAR255</DOMNAME>
    <HEADLEN>09</HEADLEN>
    <SCRLEN1>04</SCRLEN1>
    <SCRLEN2>09</SCRLEN2>
    <SCRLEN3>12</SCRLEN3>
    <DDTEXT>Home Address</DDTEXT>
    <REPTEXT>Home Addr</REPTEXT>
    <SCRTEXT_S>Home</SCRTEXT_S>
    <SCRTEXT_M>Home Addr</SCRTEXT_M>
    <SCRTEXT_L>Home Address</SCRTEXT_L>
    <DTELMASTER>E</DTELMASTER>
    <REFKIND>D</REFKIND>
   </DD04V>
  </asx:values>
 </asx:abap>
</abapGit>
