﻿<?xml version="1.0" encoding="utf-8"?>
<abapGit version="v1.0.0" serializer="LCL_OBJECT_DTEL" serializer_version="v1.0.0">
 <asx:abap xmlns:asx="http://www.sap.com/abapxml" version="1.0">
  <asx:values>
   <DD04V>
    <ROLLNAME>ZDEMENUNUMBER_02</ROLLNAME>
    <DDLANGUAGE>E</DDLANGUAGE>
    <DOMNAME>ZDMENUNUMBER_02</DOMNAME>
    <HEADLEN>55</HEADLEN>
    <SCRLEN1>10</SCRLEN1>
    <SCRLEN2>20</SCRLEN2>
    <SCRLEN3>40</SCRLEN3>
    <DDTEXT>Menu Number</DDTEXT>
    <REPTEXT>Menu Number</REPTEXT>
    <SCRTEXT_S>Menu Numbe</SCRTEXT_S>
    <SCRTEXT_M>Menu Number</SCRTEXT_M>
    <SCRTEXT_L>Menu Number</SCRTEXT_L>
    <DTELMASTER>E</DTELMASTER>
    <SHLPNAME>ZSH_MENU_02</SHLPNAME>
    <SHLPFIELD>MENUNUMBER</SHLPFIELD>
    <REFKIND>D</REFKIND>
   </DD04V>
   <I18N_LANGS>
    <LANGU>3</LANGU>
   </I18N_LANGS>
   <DD04_TEXTS>
    <item>
     <DDLANGUAGE>3</DDLANGUAGE>
     <DDTEXT>메뉴번호</DDTEXT>
     <REPTEXT>메뉴번호</REPTEXT>
     <SCRTEXT_S>메뉴번호</SCRTEXT_S>
     <SCRTEXT_M>메뉴번호</SCRTEXT_M>
     <SCRTEXT_L>메뉴번호</SCRTEXT_L>
    </item>
   </DD04_TEXTS>
  </asx:values>
 </asx:abap>
</abapGit>
