﻿<?xml version="1.0" encoding="utf-8"?>
<abapGit version="v1.0.0" serializer="LCL_OBJECT_DTEL" serializer_version="v1.0.0">
 <asx:abap xmlns:asx="http://www.sap.com/abapxml" version="1.0">
  <asx:values>
   <DD04V>
    <ROLLNAME>ZDEORGEH_02</ROLLNAME>
    <DDLANGUAGE>E</DDLANGUAGE>
    <DOMNAME>ZDORGEH_02</DOMNAME>
    <HEADLEN>17</HEADLEN>
    <SCRLEN1>05</SCRLEN1>
    <SCRLEN2>10</SCRLEN2>
    <SCRLEN3>17</SCRLEN3>
    <DDTEXT>Organization Unit</DDTEXT>
    <REPTEXT>Organization Unit</REPTEXT>
    <SCRTEXT_S>ORGEH</SCRTEXT_S>
    <SCRTEXT_M>Organ Unit</SCRTEXT_M>
    <SCRTEXT_L>Organization Unit</SCRTEXT_L>
    <DTELMASTER>E</DTELMASTER>
    <SHLPNAME>ZSH_ORG_02</SHLPNAME>
    <SHLPFIELD>ORGEH</SHLPFIELD>
    <REFKIND>D</REFKIND>
   </DD04V>
  </asx:values>
 </asx:abap>
</abapGit>
