﻿<?xml version="1.0" encoding="utf-8"?>
<abapGit version="v1.0.0" serializer="LCL_OBJECT_DTEL" serializer_version="v1.0.0">
 <asx:abap xmlns:asx="http://www.sap.com/abapxml" version="1.0">
  <asx:values>
   <DD04V>
    <ROLLNAME>ZDEPERNR_02</ROLLNAME>
    <DDLANGUAGE>E</DDLANGUAGE>
    <DOMNAME>ZDPERNR_02</DOMNAME>
    <MEMORYID>PER</MEMORYID>
    <HEADLEN>15</HEADLEN>
    <SCRLEN1>10</SCRLEN1>
    <SCRLEN2>20</SCRLEN2>
    <SCRLEN3>40</SCRLEN3>
    <DDTEXT>Person Number</DDTEXT>
    <REPTEXT>Person Number</REPTEXT>
    <SCRTEXT_S>P Num</SCRTEXT_S>
    <SCRTEXT_M>Per Num</SCRTEXT_M>
    <SCRTEXT_L>Person Number</SCRTEXT_L>
    <DTELMASTER>E</DTELMASTER>
    <SHLPNAME>ZSH_PER_02</SHLPNAME>
    <SHLPFIELD>PERNR</SHLPFIELD>
    <REFKIND>D</REFKIND>
   </DD04V>
   <I18N_LANGS>
    <LANGU>3</LANGU>
   </I18N_LANGS>
   <DD04_TEXTS>
    <item>
     <DDLANGUAGE>3</DDLANGUAGE>
     <DDTEXT>사번</DDTEXT>
     <REPTEXT>사번</REPTEXT>
     <SCRTEXT_S>사번</SCRTEXT_S>
     <SCRTEXT_M>사번</SCRTEXT_M>
     <SCRTEXT_L>사번</SCRTEXT_L>
    </item>
   </DD04_TEXTS>
  </asx:values>
 </asx:abap>
</abapGit>
