﻿<?xml version="1.0" encoding="utf-8"?>
<abapGit version="v1.0.0" serializer="LCL_OBJECT_DTEL" serializer_version="v1.0.0">
 <asx:abap xmlns:asx="http://www.sap.com/abapxml" version="1.0">
  <asx:values>
   <DD04V>
    <ROLLNAME>ZDEREQDT_02</ROLLNAME>
    <DDLANGUAGE>E</DDLANGUAGE>
    <DOMNAME>DATS</DOMNAME>
    <HEADLEN>55</HEADLEN>
    <SCRLEN1>10</SCRLEN1>
    <SCRLEN2>20</SCRLEN2>
    <SCRLEN3>40</SCRLEN3>
    <DDTEXT>Apply Date</DDTEXT>
    <REPTEXT>Apply Date</REPTEXT>
    <SCRTEXT_S>Date</SCRTEXT_S>
    <SCRTEXT_M>Date</SCRTEXT_M>
    <SCRTEXT_L>Apply Date</SCRTEXT_L>
    <DTELMASTER>E</DTELMASTER>
    <REFKIND>D</REFKIND>
   </DD04V>
   <I18N_LANGS>
    <LANGU>3</LANGU>
   </I18N_LANGS>
   <DD04_TEXTS>
    <item>
     <DDLANGUAGE>3</DDLANGUAGE>
     <DDTEXT>신청날짜</DDTEXT>
     <REPTEXT>신청날짜</REPTEXT>
     <SCRTEXT_S>날짜</SCRTEXT_S>
     <SCRTEXT_M>날짜</SCRTEXT_M>
     <SCRTEXT_L>신청날짜</SCRTEXT_L>
    </item>
   </DD04_TEXTS>
  </asx:values>
 </asx:abap>
</abapGit>
