﻿<?xml version="1.0" encoding="utf-8"?>
<abapGit version="v1.0.0" serializer="LCL_OBJECT_DTEL" serializer_version="v1.0.0">
 <asx:abap xmlns:asx="http://www.sap.com/abapxml" version="1.0">
  <asx:values>
   <DD04V>
    <ROLLNAME>ZDEREQID_02</ROLLNAME>
    <DDLANGUAGE>E</DDLANGUAGE>
    <DOMNAME>ZDREQID_02</DOMNAME>
    <HEADLEN>55</HEADLEN>
    <SCRLEN1>08</SCRLEN1>
    <SCRLEN2>20</SCRLEN2>
    <SCRLEN3>40</SCRLEN3>
    <DDTEXT>sh seo, data element, requirment menu</DDTEXT>
    <REPTEXT>Req ID</REPTEXT>
    <SCRTEXT_S>Req ID</SCRTEXT_S>
    <SCRTEXT_M>Req ID</SCRTEXT_M>
    <SCRTEXT_L>Requirments ID</SCRTEXT_L>
    <DTELMASTER>E</DTELMASTER>
    <REFKIND>D</REFKIND>
   </DD04V>
   <I18N_LANGS>
    <LANGU>3</LANGU>
   </I18N_LANGS>
   <DD04_TEXTS>
    <item>
     <DDLANGUAGE>3</DDLANGUAGE>
     <DDTEXT>신청번호</DDTEXT>
     <REPTEXT>신청번호</REPTEXT>
     <SCRTEXT_S>신청</SCRTEXT_S>
     <SCRTEXT_M>신청번호</SCRTEXT_M>
     <SCRTEXT_L>신청번호</SCRTEXT_L>
    </item>
   </DD04_TEXTS>
  </asx:values>
 </asx:abap>
</abapGit>
