﻿<?xml version="1.0" encoding="utf-8"?>
<abapGit version="v1.0.0" serializer="LCL_OBJECT_TRAN" serializer_version="v1.0.0">
 <asx:abap xmlns:asx="http://www.sap.com/abapxml" version="1.0">
  <asx:values>
   <TSTC>
    <TCODE>ZEMP02_02</TCODE>
    <PGMNA>SAPMZ02_02</PGMNA>
    <DYPNO>0100</DYPNO>
   </TSTC>
   <TSTCC>
    <TCODE>ZEMP02_02</TCODE>
   </TSTCC>
   <TSTCT>
    <SPRSL>E</SPRSL>
    <TCODE>ZEMP02_02</TCODE>
    <TTEXT>Employee M Program</TTEXT>
   </TSTCT>
  </asx:values>
 </asx:abap>
</abapGit>
