﻿<?xml version="1.0" encoding="utf-8"?>
<abapGit version="v1.0.0" serializer="LCL_OBJECT_FUGR" serializer_version="v1.0.0">
 <asx:abap xmlns:asx="http://www.sap.com/abapxml" version="1.0">
  <asx:values>
   <AREAT>For Update Task</AREAT>
   <INCLUDES>
    <SOBJ_NAME>LZFGUT02TOP</SOBJ_NAME>
    <SOBJ_NAME>SAPLZFGUT02</SOBJ_NAME>
   </INCLUDES>
   <FUNCTIONS>
    <item>
     <FUNCNAME>ZFM02_01</FUNCNAME>
     <UPDATE_TASK>1</UPDATE_TASK>
     <SHORT_TEXT>create employee</SHORT_TEXT>
     <IMPORT>
      <RSIMP>
       <PARAMETER>IS_EMP</PARAMETER>
       <TYP>ZTEMPLOYEE_02</TYP>
      </RSIMP>
     </IMPORT>
     <DOCUMENTATION>
      <RSFDO>
       <PARAMETER>IS_EMP</PARAMETER>
       <KIND>P</KIND>
       <STEXT>Person Table</STEXT>
      </RSFDO>
     </DOCUMENTATION>
    </item>
    <item>
     <FUNCNAME>ZFM02_02</FUNCNAME>
     <SHORT_TEXT>create employee</SHORT_TEXT>
     <IMPORT>
      <RSIMP>
       <PARAMETER>IS_EMP</PARAMETER>
       <TYP>ZTEMPLOYEE_02</TYP>
      </RSIMP>
     </IMPORT>
     <DOCUMENTATION>
      <RSFDO>
       <PARAMETER>IS_EMP</PARAMETER>
       <KIND>P</KIND>
       <STEXT>Person Table</STEXT>
      </RSFDO>
     </DOCUMENTATION>
    </item>
    <item>
     <FUNCNAME>ZFM02_REQM_01</FUNCNAME>
     <UPDATE_TASK>1</UPDATE_TASK>
     <SHORT_TEXT>inflights meal update</SHORT_TEXT>
     <IMPORT>
      <RSIMP>
       <PARAMETER>IS_REQM</PARAMETER>
       <TYP>ZTREQMENU_02</TYP>
      </RSIMP>
      <RSIMP>
       <PARAMETER>LV_STR</PARAMETER>
       <TYP>CHAR20</TYP>
      </RSIMP>
     </IMPORT>
     <DOCUMENTATION>
      <RSFDO>
       <PARAMETER>IS_REQM</PARAMETER>
       <KIND>P</KIND>
       <STEXT>sh seo, database table, arrier requirement apply table</STEXT>
      </RSFDO>
      <RSFDO>
       <PARAMETER>LV_STR</PARAMETER>
       <KIND>P</KIND>
       <STEXT>Char 20</STEXT>
      </RSFDO>
     </DOCUMENTATION>
    </item>
   </FUNCTIONS>
  </asx:values>
 </asx:abap>
</abapGit>
