﻿<?xml version="1.0" encoding="utf-8"?>
<abapGit version="v1.0.0" serializer="LCL_OBJECT_MSAG" serializer_version="v1.0.0">
 <asx:abap xmlns:asx="http://www.sap.com/abapxml" version="1.0">
  <asx:values>
   <T100A>
    <ARBGB>ZSAP02_01</ARBGB>
    <MASTERLANG>E</MASTERLANG>
   </T100A>
   <T100>
    <T100>
     <SPRSL>E</SPRSL>
     <ARBGB>ZSAP02_01</ARBGB>
     <MSGNR>000</MSGNR>
     <TEXT>&amp; domain text error</TEXT>
    </T100>
    <T100>
     <SPRSL>E</SPRSL>
     <ARBGB>ZSAP02_01</ARBGB>
     <MSGNR>001</MSGNR>
     <TEXT>Search Condition cannot find.</TEXT>
    </T100>
    <T100>
     <SPRSL>E</SPRSL>
     <ARBGB>ZSAP02_01</ARBGB>
     <MSGNR>003</MSGNR>
     <TEXT>Please fill Organization Unit.</TEXT>
    </T100>
    <T100>
     <SPRSL>E</SPRSL>
     <ARBGB>ZSAP02_01</ARBGB>
     <MSGNR>004</MSGNR>
     <TEXT>Please fill Person Name.</TEXT>
    </T100>
    <T100>
     <SPRSL>E</SPRSL>
     <ARBGB>ZSAP02_01</ARBGB>
     <MSGNR>005</MSGNR>
     <TEXT>Fail to Create Employee</TEXT>
    </T100>
    <T100>
     <SPRSL>E</SPRSL>
     <ARBGB>ZSAP02_01</ARBGB>
     <MSGNR>006</MSGNR>
     <TEXT>Success to create Employee</TEXT>
    </T100>
    <T100>
     <SPRSL>E</SPRSL>
     <ARBGB>ZSAP02_01</ARBGB>
     <MSGNR>009</MSGNR>
     <TEXT>Data is locked.</TEXT>
    </T100>
    <T100>
     <SPRSL>E</SPRSL>
     <ARBGB>ZSAP02_01</ARBGB>
     <MSGNR>010</MSGNR>
     <TEXT>Please Check what you want to modify</TEXT>
    </T100>
    <T100>
     <SPRSL>E</SPRSL>
     <ARBGB>ZSAP02_01</ARBGB>
     <MSGNR>020</MSGNR>
     <TEXT>Success</TEXT>
    </T100>
   </T100>
  </asx:values>
 </asx:abap>
</abapGit>
