﻿<?xml version="1.0" encoding="utf-8"?>
<abapGit version="v1.0.0" serializer="LCL_OBJECT_SHLP" serializer_version="v1.0.0">
 <asx:abap xmlns:asx="http://www.sap.com/abapxml" version="1.0">
  <asx:values>
   <DD30V>
    <SHLPNAME>ZSH_ORG_02</SHLPNAME>
    <DDLANGUAGE>E</DDLANGUAGE>
    <DDTEXT>search help org</DDTEXT>
    <ISSIMPLE>X</ISSIMPLE>
    <SELMETHOD>ZVORGEH_SH_02</SELMETHOD>
    <SELMTYPE>H</SELMTYPE>
    <DIALOGTYPE>D</DIALOGTYPE>
    <FUZZY_SIMILARITY>0.8</FUZZY_SIMILARITY>
   </DD30V>
   <DD32P_TABLE>
    <DD32P>
     <SHLPNAME>ZSH_ORG_02</SHLPNAME>
     <FIELDNAME>ORGEH</FIELDNAME>
     <FLPOSITION>0001</FLPOSITION>
     <ROLLNAME>ZDEORGEH_02</ROLLNAME>
     <SHLPINPUT>X</SHLPINPUT>
     <SHLPOUTPUT>X</SHLPOUTPUT>
     <SHLPSELPOS>01</SHLPSELPOS>
     <SHLPLISPOS>01</SHLPLISPOS>
     <SCRLEN3>17</SCRLEN3>
    </DD32P>
    <DD32P>
     <SHLPNAME>ZSH_ORG_02</SHLPNAME>
     <FIELDNAME>OTEXT</FIELDNAME>
     <FLPOSITION>0002</FLPOSITION>
     <ROLLNAME>ZDEORGNAME_02</ROLLNAME>
     <SHLPINPUT>X</SHLPINPUT>
     <SHLPOUTPUT>X</SHLPOUTPUT>
     <SHLPSELPOS>02</SHLPSELPOS>
     <SHLPLISPOS>02</SHLPLISPOS>
     <SCRLEN3>40</SCRLEN3>
    </DD32P>
    <DD32P>
     <SHLPNAME>ZSH_ORG_02</SHLPNAME>
     <FIELDNAME>PNAME</FIELDNAME>
     <FLPOSITION>0003</FLPOSITION>
     <ROLLNAME>ZDEPNAME_02</ROLLNAME>
     <SHLPOUTPUT>X</SHLPOUTPUT>
     <SHLPSELPOS>03</SHLPSELPOS>
     <SHLPLISPOS>03</SHLPLISPOS>
     <SCRLEN3>40</SCRLEN3>
    </DD32P>
    <DD32P>
     <SHLPNAME>ZSH_ORG_02</SHLPNAME>
     <FIELDNAME>LANGU</FIELDNAME>
     <FLPOSITION>0004</FLPOSITION>
     <ROLLNAME>SPRAS</ROLLNAME>
     <SHLPSELPOS>04</SHLPSELPOS>
     <SHLPLISPOS>04</SHLPLISPOS>
     <SCRLEN3>20</SCRLEN3>
    </DD32P>
   </DD32P_TABLE>
  </asx:values>
 </asx:abap>
</abapGit>
