﻿<?xml version="1.0" encoding="utf-8"?>
<abapGit version="v1.0.0" serializer="LCL_OBJECT_SHLP" serializer_version="v1.0.0">
 <asx:abap xmlns:asx="http://www.sap.com/abapxml" version="1.0">
  <asx:values>
   <DD30V>
    <SHLPNAME>ZSH_MENU_02</SHLPNAME>
    <DDLANGUAGE>E</DDLANGUAGE>
    <DDTEXT>sh seo, menu search help</DDTEXT>
    <ISSIMPLE>X</ISSIMPLE>
    <SELMETHOD>ZVMENUINFO_02</SELMETHOD>
    <SELMTYPE>V</SELMTYPE>
    <DIALOGTYPE>D</DIALOGTYPE>
    <AUTOSUGGEST>X</AUTOSUGGEST>
    <FUZZY_SIMILARITY>0.8</FUZZY_SIMILARITY>
   </DD30V>
   <DD32P_TABLE>
    <DD32P>
     <SHLPNAME>ZSH_MENU_02</SHLPNAME>
     <FIELDNAME>MENUNUMBER</FIELDNAME>
     <FLPOSITION>0001</FLPOSITION>
     <ROLLNAME>S_MENU</ROLLNAME>
     <SHLPINPUT>X</SHLPINPUT>
     <SHLPOUTPUT>X</SHLPOUTPUT>
     <SHLPSELPOS>01</SHLPSELPOS>
     <SHLPLISPOS>01</SHLPLISPOS>
     <SCRLEN3>05</SCRLEN3>
    </DD32P>
    <DD32P>
     <SHLPNAME>ZSH_MENU_02</SHLPNAME>
     <FIELDNAME>CARRID</FIELDNAME>
     <FLPOSITION>0002</FLPOSITION>
     <ROLLNAME>S_CARR_ID</ROLLNAME>
     <SHLPINPUT>X</SHLPINPUT>
     <SHLPOUTPUT>X</SHLPOUTPUT>
     <SHLPSELPOS>02</SHLPSELPOS>
     <SHLPLISPOS>02</SHLPLISPOS>
     <ROLLCHANGE>X</ROLLCHANGE>
     <SCRLEN3>16</SCRLEN3>
    </DD32P>
    <DD32P>
     <SHLPNAME>ZSH_MENU_02</SHLPNAME>
     <FIELDNAME>STARTER</FIELDNAME>
     <FLPOSITION>0003</FLPOSITION>
     <ROLLNAME>S_STARTER</ROLLNAME>
     <SHLPOUTPUT>X</SHLPOUTPUT>
     <SHLPSELPOS>03</SHLPSELPOS>
     <SHLPLISPOS>03</SHLPLISPOS>
     <SCRLEN3>20</SCRLEN3>
    </DD32P>
    <DD32P>
     <SHLPNAME>ZSH_MENU_02</SHLPNAME>
     <FIELDNAME>MAINCOURSE</FIELDNAME>
     <FLPOSITION>0004</FLPOSITION>
     <ROLLNAME>S_MACOURSE</ROLLNAME>
     <SHLPOUTPUT>X</SHLPOUTPUT>
     <SHLPSELPOS>04</SHLPSELPOS>
     <SHLPLISPOS>04</SHLPLISPOS>
     <ROLLCHANGE>X</ROLLCHANGE>
     <SCRLEN3>09</SCRLEN3>
    </DD32P>
    <DD32P>
     <SHLPNAME>ZSH_MENU_02</SHLPNAME>
     <FIELDNAME>DESSERT</FIELDNAME>
     <FLPOSITION>0005</FLPOSITION>
     <ROLLNAME>S_DESSERT</ROLLNAME>
     <SHLPOUTPUT>X</SHLPOUTPUT>
     <SHLPSELPOS>05</SHLPSELPOS>
     <SHLPLISPOS>05</SHLPLISPOS>
     <SCRLEN3>20</SCRLEN3>
    </DD32P>
    <DD32P>
     <SHLPNAME>ZSH_MENU_02</SHLPNAME>
     <FIELDNAME>TEXT</FIELDNAME>
     <FLPOSITION>0006</FLPOSITION>
     <ROLLNAME>S_MEALTEXT</ROLLNAME>
     <SHLPOUTPUT>X</SHLPOUTPUT>
     <SHLPSELPOS>06</SHLPSELPOS>
     <SHLPLISPOS>06</SHLPLISPOS>
     <ROLLCHANGE>X</ROLLCHANGE>
     <SCRLEN3>20</SCRLEN3>
    </DD32P>
   </DD32P_TABLE>
  </asx:values>
 </asx:abap>
</abapGit>
