﻿<?xml version="1.0" encoding="utf-8"?>
<abapGit version="v1.0.0" serializer="LCL_OBJECT_SHLP" serializer_version="v1.0.0">
 <asx:abap xmlns:asx="http://www.sap.com/abapxml" version="1.0">
  <asx:values>
   <DD30V>
    <SHLPNAME>ZSH_BOOK_02</SHLPNAME>
    <DDLANGUAGE>E</DDLANGUAGE>
    <DDTEXT>book searchhelp</DDTEXT>
    <ISSIMPLE>X</ISSIMPLE>
    <SELMETHOD>SBOOK</SELMETHOD>
    <SELMTYPE>T</SELMTYPE>
    <DIALOGTYPE>D</DIALOGTYPE>
    <FUZZY_SIMILARITY>0.8</FUZZY_SIMILARITY>
   </DD30V>
   <DD32P_TABLE>
    <DD32P>
     <SHLPNAME>ZSH_BOOK_02</SHLPNAME>
     <FIELDNAME>CARRID</FIELDNAME>
     <FLPOSITION>0001</FLPOSITION>
     <ROLLNAME>S_CARR_ID</ROLLNAME>
     <SHLPOUTPUT>X</SHLPOUTPUT>
     <SHLPSELPOS>01</SHLPSELPOS>
     <SHLPLISPOS>01</SHLPLISPOS>
     <SCRLEN3>16</SCRLEN3>
    </DD32P>
    <DD32P>
     <SHLPNAME>ZSH_BOOK_02</SHLPNAME>
     <FIELDNAME>CONNID</FIELDNAME>
     <FLPOSITION>0002</FLPOSITION>
     <ROLLNAME>S_CONN_ID</ROLLNAME>
     <SHLPOUTPUT>X</SHLPOUTPUT>
     <SHLPSELPOS>02</SHLPSELPOS>
     <SHLPLISPOS>02</SHLPLISPOS>
     <SCRLEN3>20</SCRLEN3>
    </DD32P>
    <DD32P>
     <SHLPNAME>ZSH_BOOK_02</SHLPNAME>
     <FIELDNAME>FLDATE</FIELDNAME>
     <FLPOSITION>0003</FLPOSITION>
     <ROLLNAME>S_DATE</ROLLNAME>
     <SHLPOUTPUT>X</SHLPOUTPUT>
     <SHLPSELPOS>06</SHLPSELPOS>
     <SHLPLISPOS>06</SHLPLISPOS>
     <SCRLEN3>16</SCRLEN3>
    </DD32P>
    <DD32P>
     <SHLPNAME>ZSH_BOOK_02</SHLPNAME>
     <FIELDNAME>BOOKID</FIELDNAME>
     <FLPOSITION>0004</FLPOSITION>
     <ROLLNAME>S_BOOK_ID</ROLLNAME>
     <SHLPOUTPUT>X</SHLPOUTPUT>
     <SHLPSELPOS>03</SHLPSELPOS>
     <SHLPLISPOS>03</SHLPLISPOS>
     <SCRLEN3>20</SCRLEN3>
    </DD32P>
    <DD32P>
     <SHLPNAME>ZSH_BOOK_02</SHLPNAME>
     <FIELDNAME>CUSTOMID</FIELDNAME>
     <FLPOSITION>0005</FLPOSITION>
     <ROLLNAME>S_CUSTOMER</ROLLNAME>
     <SHLPINPUT>X</SHLPINPUT>
     <SHLPOUTPUT>X</SHLPOUTPUT>
     <SHLPSELPOS>05</SHLPSELPOS>
     <SHLPLISPOS>05</SHLPLISPOS>
     <SCRLEN3>20</SCRLEN3>
    </DD32P>
    <DD32P>
     <SHLPNAME>ZSH_BOOK_02</SHLPNAME>
     <FIELDNAME>AGENCYNUM</FIELDNAME>
     <FLPOSITION>0006</FLPOSITION>
     <ROLLNAME>S_AGNCYNUM</ROLLNAME>
     <SHLPINPUT>X</SHLPINPUT>
     <SHLPOUTPUT>X</SHLPOUTPUT>
     <SHLPSELPOS>04</SHLPSELPOS>
     <SHLPLISPOS>04</SHLPLISPOS>
     <SCRLEN3>21</SCRLEN3>
    </DD32P>
   </DD32P_TABLE>
  </asx:values>
 </asx:abap>
</abapGit>
