﻿<?xml version="1.0" encoding="utf-8"?>
<abapGit version="v1.0.0" serializer="LCL_OBJECT_TOBJ" serializer_version="v1.0.0">
 <asx:abap xmlns:asx="http://www.sap.com/abapxml" version="1.0">
  <asx:values>
   <OBJH>
    <OBJECTNAME>ZTEMPLOYEE_02</OBJECTNAME>
    <OBJECTTYPE>S</OBJECTTYPE>
    <CLIDEP>X</CLIDEP>
    <OBJCATEG>APPL</OBJCATEG>
    <IMPORTABLE>3</IMPORTABLE>
   </OBJH>
   <OBJT>
    <LANGUAGE>E</LANGUAGE>
    <OBJECTNAME>ZTEMPLOYEE_02</OBJECTNAME>
    <OBJECTTYPE>S</OBJECTTYPE>
    <DDTEXT>Person Table</DDTEXT>
   </OBJT>
   <OBJS>
    <OBJS>
     <OBJECTNAME>ZTEMPLOYEE_02</OBJECTNAME>
     <OBJECTTYPE>S</OBJECTTYPE>
     <TABNAME>ZTEMPLOYEE_02</TABNAME>
     <DDIC>X</DDIC>
     <PRIM_TABLE>X</PRIM_TABLE>
    </OBJS>
   </OBJS>
   <TOBJ>
    <TDDAT>
     <TABNAME>ZTEMPLOYEE_02</TABNAME>
     <CCLASS>&amp;NC&amp;</CCLASS>
    </TDDAT>
    <TVDIR>
     <TABNAME>ZTEMPLOYEE_02</TABNAME>
     <AREA>ZFG_EMPLOYEE02</AREA>
     <TYPE>1</TYPE>
     <LISTE>0100</LISTE>
     <BASTAB>X</BASTAB>
     <FLAG>X</FLAG>
    </TVDIR>
    <TVIMF>
     <TVIMF>
      <TABNAME>ZTEMPLOYEE_02</TABNAME>
      <EVENT>21</EVENT>
      <FORMNAME>SAVE_CHANGED_LOG_EMP</FORMNAME>
     </TVIMF>
    </TVIMF>
   </TOBJ>
  </asx:values>
 </asx:abap>
</abapGit>
