﻿<?xml version="1.0" encoding="utf-8"?>
<abapGit version="v1.0.0" serializer="LCL_OBJECT_TABL" serializer_version="v1.0.0">
 <asx:abap xmlns:asx="http://www.sap.com/abapxml" version="1.0">
  <asx:values>
   <DD02V>
    <TABNAME>ZTREQMENU_02</TABNAME>
    <DDLANGUAGE>E</DDLANGUAGE>
    <TABCLASS>TRANSP</TABCLASS>
    <CLIDEP>X</CLIDEP>
    <LANGDEP>X</LANGDEP>
    <DDTEXT>sh seo, database table, arrier requirement apply table</DDTEXT>
    <MAINFLAG>X</MAINFLAG>
    <CONTFLAG>A</CONTFLAG>
   </DD02V>
   <DD09L>
    <TABNAME>ZTREQMENU_02</TABNAME>
    <AS4LOCAL>A</AS4LOCAL>
    <TABKAT>9</TABKAT>
    <TABART>APPL0</TABART>
    <BUFALLOW>N</BUFALLOW>
   </DD09L>
   <DD03P_TABLE>
    <DD03P>
     <FIELDNAME>MANDT</FIELDNAME>
     <KEYFLAG>X</KEYFLAG>
     <ROLLNAME>MANDT</ROLLNAME>
     <CHECKTABLE>T000</CHECKTABLE>
     <ADMINFIELD>0</ADMINFIELD>
     <NOTNULL>X</NOTNULL>
     <SHLPORIGIN>P</SHLPORIGIN>
     <COMPTYPE>E</COMPTYPE>
    </DD03P>
    <DD03P>
     <FIELDNAME>REQID</FIELDNAME>
     <KEYFLAG>X</KEYFLAG>
     <ROLLNAME>ZDEREQID_02</ROLLNAME>
     <ADMINFIELD>0</ADMINFIELD>
     <NOTNULL>X</NOTNULL>
     <COMPTYPE>E</COMPTYPE>
    </DD03P>
    <DD03P>
     <FIELDNAME>CARRID</FIELDNAME>
     <ROLLNAME>S_CARR_ID</ROLLNAME>
     <CHECKTABLE>SCARR</CHECKTABLE>
     <ADMINFIELD>0</ADMINFIELD>
     <SHLPORIGIN>P</SHLPORIGIN>
     <SHLPNAME>S_CARRIER_ID</SHLPNAME>
     <SHLPFIELD>CARRID</SHLPFIELD>
     <COMPTYPE>E</COMPTYPE>
    </DD03P>
    <DD03P>
     <FIELDNAME>BOOKID</FIELDNAME>
     <ROLLNAME>S_BOOK_ID</ROLLNAME>
     <ADMINFIELD>0</ADMINFIELD>
     <SHLPORIGIN>X</SHLPORIGIN>
     <COMPTYPE>E</COMPTYPE>
    </DD03P>
    <DD03P>
     <FIELDNAME>MENUNUMBER</FIELDNAME>
     <ROLLNAME>ZDEMENUNUMBER_02</ROLLNAME>
     <ADMINFIELD>0</ADMINFIELD>
     <SHLPORIGIN>X</SHLPORIGIN>
     <SHLPNAME>ZSH_MENU_02</SHLPNAME>
     <SHLPFIELD>MENUNUMBER</SHLPFIELD>
     <COMPTYPE>E</COMPTYPE>
    </DD03P>
    <DD03P>
     <FIELDNAME>REQDT</FIELDNAME>
     <ROLLNAME>ZDEREQDT_02</ROLLNAME>
     <ADMINFIELD>0</ADMINFIELD>
     <SHLPORIGIN>T</SHLPORIGIN>
     <COMPTYPE>E</COMPTYPE>
    </DD03P>
    <DD03P>
     <FIELDNAME>CANCELLED</FIELDNAME>
     <ROLLNAME>ZDECANCELLED_02</ROLLNAME>
     <ADMINFIELD>0</ADMINFIELD>
     <VALEXI>X</VALEXI>
     <SHLPORIGIN>F</SHLPORIGIN>
     <COMPTYPE>E</COMPTYPE>
    </DD03P>
    <DD03P>
     <FIELDNAME>MANAGER</FIELDNAME>
     <ROLLNAME>ZDEPERNR_02</ROLLNAME>
     <CHECKTABLE>ZTEMPLOYEE_02</CHECKTABLE>
     <ADMINFIELD>0</ADMINFIELD>
     <SHLPORIGIN>X</SHLPORIGIN>
     <SHLPNAME>ZSH_PER_02</SHLPNAME>
     <SHLPFIELD>PERNR</SHLPFIELD>
     <COMPTYPE>E</COMPTYPE>
    </DD03P>
    <DD03P>
     <FIELDNAME>.INCLUDE</FIELDNAME>
     <ADMINFIELD>0</ADMINFIELD>
     <PRECFIELD>ZLOG_02</PRECFIELD>
     <MASK>      S</MASK>
     <DDTEXT>Changed Log</DDTEXT>
     <COMPTYPE>S</COMPTYPE>
    </DD03P>
   </DD03P_TABLE>
   <DD05M_TABLE>
    <DD05M>
     <FIELDNAME>CARRID</FIELDNAME>
     <FORTABLE>ZTREQMENU_02</FORTABLE>
     <FORKEY>MANDT</FORKEY>
     <CHECKTABLE>SCARR</CHECKTABLE>
     <CHECKFIELD>MANDT</CHECKFIELD>
     <PRIMPOS>0001</PRIMPOS>
     <DOMNAME>MANDT</DOMNAME>
     <DATATYPE>CLNT</DATATYPE>
    </DD05M>
    <DD05M>
     <FIELDNAME>CARRID</FIELDNAME>
     <FORTABLE>ZTREQMENU_02</FORTABLE>
     <FORKEY>CARRID</FORKEY>
     <CHECKTABLE>SCARR</CHECKTABLE>
     <CHECKFIELD>CARRID</CHECKFIELD>
     <PRIMPOS>0002</PRIMPOS>
     <DOMNAME>S_CARR_ID</DOMNAME>
     <DATATYPE>CHAR</DATATYPE>
    </DD05M>
    <DD05M>
     <FIELDNAME>MANAGER</FIELDNAME>
     <FORTABLE>ZTREQMENU_02</FORTABLE>
     <FORKEY>MANDT</FORKEY>
     <CHECKTABLE>ZTEMPLOYEE_02</CHECKTABLE>
     <CHECKFIELD>MANDT</CHECKFIELD>
     <PRIMPOS>0001</PRIMPOS>
     <DOMNAME>MANDT</DOMNAME>
     <DATATYPE>CLNT</DATATYPE>
    </DD05M>
    <DD05M>
     <FIELDNAME>MANAGER</FIELDNAME>
     <FORTABLE>ZTREQMENU_02</FORTABLE>
     <FORKEY>MANAGER</FORKEY>
     <CHECKTABLE>ZTEMPLOYEE_02</CHECKTABLE>
     <CHECKFIELD>PERNR</CHECKFIELD>
     <PRIMPOS>0002</PRIMPOS>
     <DOMNAME>ZDPERNR_02</DOMNAME>
     <DATATYPE>NUMC</DATATYPE>
    </DD05M>
    <DD05M>
     <FIELDNAME>MANDT</FIELDNAME>
     <FORTABLE>ZTREQMENU_02</FORTABLE>
     <FORKEY>MANDT</FORKEY>
     <CHECKTABLE>T000</CHECKTABLE>
     <CHECKFIELD>MANDT</CHECKFIELD>
     <PRIMPOS>0001</PRIMPOS>
     <DOMNAME>MANDT</DOMNAME>
     <DATATYPE>CLNT</DATATYPE>
    </DD05M>
   </DD05M_TABLE>
   <DD08V_TABLE>
    <DD08V>
     <FIELDNAME>CARRID</FIELDNAME>
     <CHECKTABLE>SCARR</CHECKTABLE>
    </DD08V>
    <DD08V>
     <FIELDNAME>MANAGER</FIELDNAME>
     <CHECKTABLE>ZTEMPLOYEE_02</CHECKTABLE>
    </DD08V>
    <DD08V>
     <FIELDNAME>MANDT</FIELDNAME>
     <CHECKTABLE>T000</CHECKTABLE>
    </DD08V>
   </DD08V_TABLE>
   <DD35V_TALE>
    <DD35V>
     <FIELDNAME>BOOKID</FIELDNAME>
     <SHLPNAME>SBOOK</SHLPNAME>
    </DD35V>
    <DD35V>
     <FIELDNAME>MANAGER</FIELDNAME>
     <SHLPNAME>ZSH_PER_02</SHLPNAME>
    </DD35V>
    <DD35V>
     <FIELDNAME>MENUNUMBER</FIELDNAME>
     <SHLPNAME>ZSH_MENU_02</SHLPNAME>
    </DD35V>
   </DD35V_TALE>
   <DD36M>
    <DD36M>
     <FIELDNAME>BOOKID</FIELDNAME>
     <SHLPNAME>SBOOK</SHLPNAME>
     <SHLPFIELD>AGENCYNUM</SHLPFIELD>
     <FLPOSITION>0006</FLPOSITION>
     <SHTYPE>G</SHTYPE>
     <SHLPINPUT>X</SHLPINPUT>
     <SHLPOUTPUT>X</SHLPOUTPUT>
     <ROLLNAME>S_AGNCYNUM</ROLLNAME>
     <DOMNAME>S_BUSPANUM</DOMNAME>
     <DATATYPE>NUMC</DATATYPE>
     <LENG>000008</LENG>
    </DD36M>
    <DD36M>
     <FIELDNAME>BOOKID</FIELDNAME>
     <SHLPNAME>SBOOK</SHLPNAME>
     <SHLPFIELD>BOOKID</SHLPFIELD>
     <FLPOSITION>0004</FLPOSITION>
     <SHTABLE>ZTREQMENU_02</SHTABLE>
     <SHFIELD>BOOKID</SHFIELD>
     <SHLPOUTPUT>X</SHLPOUTPUT>
     <ROLLNAME>S_BOOK_ID</ROLLNAME>
     <DOMNAME>S_BOOK_ID</DOMNAME>
     <DATATYPE>NUMC</DATATYPE>
     <LENG>000008</LENG>
    </DD36M>
    <DD36M>
     <FIELDNAME>BOOKID</FIELDNAME>
     <SHLPNAME>SBOOK</SHLPNAME>
     <SHLPFIELD>CARRID</SHLPFIELD>
     <FLPOSITION>0001</FLPOSITION>
     <SHTABLE>ZTREQMENU_02</SHTABLE>
     <SHFIELD>CARRID</SHFIELD>
     <SHLPOUTPUT>X</SHLPOUTPUT>
     <ROLLNAME>S_CARR_ID</ROLLNAME>
     <DOMNAME>S_CARR_ID</DOMNAME>
     <DATATYPE>CHAR</DATATYPE>
     <LENG>000003</LENG>
    </DD36M>
    <DD36M>
     <FIELDNAME>BOOKID</FIELDNAME>
     <SHLPNAME>SBOOK</SHLPNAME>
     <SHLPFIELD>CONNID</SHLPFIELD>
     <FLPOSITION>0002</FLPOSITION>
     <SHTYPE>G</SHTYPE>
     <SHLPOUTPUT>X</SHLPOUTPUT>
     <ROLLNAME>S_CONN_ID</ROLLNAME>
     <DOMNAME>S_CONN_ID</DOMNAME>
     <DATATYPE>NUMC</DATATYPE>
     <LENG>000004</LENG>
    </DD36M>
    <DD36M>
     <FIELDNAME>BOOKID</FIELDNAME>
     <SHLPNAME>SBOOK</SHLPNAME>
     <SHLPFIELD>CUSTOMID</SHLPFIELD>
     <FLPOSITION>0005</FLPOSITION>
     <SHTYPE>G</SHTYPE>
     <SHLPINPUT>X</SHLPINPUT>
     <SHLPOUTPUT>X</SHLPOUTPUT>
     <ROLLNAME>S_CUSTOMER</ROLLNAME>
     <DOMNAME>S_BUSPANUM</DOMNAME>
     <DATATYPE>NUMC</DATATYPE>
     <LENG>000008</LENG>
    </DD36M>
    <DD36M>
     <FIELDNAME>BOOKID</FIELDNAME>
     <SHLPNAME>SBOOK</SHLPNAME>
     <SHLPFIELD>FLDATE</SHLPFIELD>
     <FLPOSITION>0003</FLPOSITION>
     <SHTYPE>G</SHTYPE>
     <SHLPOUTPUT>X</SHLPOUTPUT>
     <ROLLNAME>S_DATE</ROLLNAME>
     <DOMNAME>S_DATE</DOMNAME>
     <DATATYPE>DATS</DATATYPE>
     <LENG>000008</LENG>
    </DD36M>
    <DD36M>
     <FIELDNAME>MANAGER</FIELDNAME>
     <SHLPNAME>ZSH_PER_02</SHLPNAME>
     <SHLPFIELD>LANGU</SHLPFIELD>
     <FLPOSITION>0004</FLPOSITION>
     <SHTYPE>G</SHTYPE>
     <SHLPINPUT>X</SHLPINPUT>
     <ROLLNAME>SPRAS</ROLLNAME>
     <DOMNAME>SPRAS</DOMNAME>
     <DATATYPE>LANG</DATATYPE>
     <LENG>000001</LENG>
     <DEFAULTVAL>SY-LANGU</DEFAULTVAL>
     <DEFAULTTYP>S</DEFAULTTYP>
    </DD36M>
    <DD36M>
     <FIELDNAME>MANAGER</FIELDNAME>
     <SHLPNAME>ZSH_PER_02</SHLPNAME>
     <SHLPFIELD>OTEXT</SHLPFIELD>
     <FLPOSITION>0003</FLPOSITION>
     <SHTYPE>G</SHTYPE>
     <SHLPOUTPUT>X</SHLPOUTPUT>
     <ROLLNAME>ZDEORGNAME_02</ROLLNAME>
     <DOMNAME>CHAR40</DOMNAME>
     <DATATYPE>CHAR</DATATYPE>
     <LENG>000040</LENG>
    </DD36M>
    <DD36M>
     <FIELDNAME>MANAGER</FIELDNAME>
     <SHLPNAME>ZSH_PER_02</SHLPNAME>
     <SHLPFIELD>PERNR</SHLPFIELD>
     <FLPOSITION>0001</FLPOSITION>
     <SHTABLE>ZTREQMENU_02</SHTABLE>
     <SHFIELD>MANAGER</SHFIELD>
     <SHLPINPUT>X</SHLPINPUT>
     <SHLPOUTPUT>X</SHLPOUTPUT>
     <ROLLNAME>ZDEPERNR_02</ROLLNAME>
     <DOMNAME>ZDPERNR_02</DOMNAME>
     <DATATYPE>NUMC</DATATYPE>
     <LENG>000008</LENG>
    </DD36M>
    <DD36M>
     <FIELDNAME>MANAGER</FIELDNAME>
     <SHLPNAME>ZSH_PER_02</SHLPNAME>
     <SHLPFIELD>PNAME</SHLPFIELD>
     <FLPOSITION>0002</FLPOSITION>
     <SHTYPE>G</SHTYPE>
     <SHLPOUTPUT>X</SHLPOUTPUT>
     <ROLLNAME>ZDEPNAME_02</ROLLNAME>
     <DOMNAME>ZDPNAME_02</DOMNAME>
     <DATATYPE>CHAR</DATATYPE>
     <LENG>000040</LENG>
    </DD36M>
    <DD36M>
     <FIELDNAME>MENUNUMBER</FIELDNAME>
     <SHLPNAME>ZSH_MENU_02</SHLPNAME>
     <SHLPFIELD>CARRID</SHLPFIELD>
     <FLPOSITION>0002</FLPOSITION>
     <SHTABLE>ZTREQMENU_02</SHTABLE>
     <SHFIELD>CARRID</SHFIELD>
     <SHLPINPUT>X</SHLPINPUT>
     <SHLPOUTPUT>X</SHLPOUTPUT>
     <ROLLNAME>S_CARR_ID</ROLLNAME>
     <DOMNAME>S_CARR_ID</DOMNAME>
     <DATATYPE>CHAR</DATATYPE>
     <LENG>000003</LENG>
    </DD36M>
    <DD36M>
     <FIELDNAME>MENUNUMBER</FIELDNAME>
     <SHLPNAME>ZSH_MENU_02</SHLPNAME>
     <SHLPFIELD>DESSERT</SHLPFIELD>
     <FLPOSITION>0005</FLPOSITION>
     <SHTYPE>G</SHTYPE>
     <SHLPOUTPUT>X</SHLPOUTPUT>
     <ROLLNAME>S_DESSERT</ROLLNAME>
     <DOMNAME>S_MEALNUM</DOMNAME>
     <DATATYPE>NUMC</DATATYPE>
     <LENG>000008</LENG>
    </DD36M>
    <DD36M>
     <FIELDNAME>MENUNUMBER</FIELDNAME>
     <SHLPNAME>ZSH_MENU_02</SHLPNAME>
     <SHLPFIELD>MAINCOURSE</SHLPFIELD>
     <FLPOSITION>0004</FLPOSITION>
     <SHTYPE>G</SHTYPE>
     <SHLPOUTPUT>X</SHLPOUTPUT>
     <ROLLNAME>S_MACOURSE</ROLLNAME>
     <DOMNAME>S_MEALNUM</DOMNAME>
     <DATATYPE>NUMC</DATATYPE>
     <LENG>000008</LENG>
    </DD36M>
    <DD36M>
     <FIELDNAME>MENUNUMBER</FIELDNAME>
     <SHLPNAME>ZSH_MENU_02</SHLPNAME>
     <SHLPFIELD>MENUNUMBER</SHLPFIELD>
     <FLPOSITION>0001</FLPOSITION>
     <SHTABLE>ZTREQMENU_02</SHTABLE>
     <SHFIELD>MENUNUMBER</SHFIELD>
     <SHLPINPUT>X</SHLPINPUT>
     <SHLPOUTPUT>X</SHLPOUTPUT>
     <ROLLNAME>S_MENU</ROLLNAME>
     <DOMNAME>S_MENUNUM</DOMNAME>
     <DATATYPE>NUMC</DATATYPE>
     <LENG>000004</LENG>
    </DD36M>
    <DD36M>
     <FIELDNAME>MENUNUMBER</FIELDNAME>
     <SHLPNAME>ZSH_MENU_02</SHLPNAME>
     <SHLPFIELD>STARTER</SHLPFIELD>
     <FLPOSITION>0003</FLPOSITION>
     <SHTYPE>G</SHTYPE>
     <SHLPOUTPUT>X</SHLPOUTPUT>
     <ROLLNAME>S_STARTER</ROLLNAME>
     <DOMNAME>S_MEALNUM</DOMNAME>
     <DATATYPE>NUMC</DATATYPE>
     <LENG>000008</LENG>
    </DD36M>
    <DD36M>
     <FIELDNAME>MENUNUMBER</FIELDNAME>
     <SHLPNAME>ZSH_MENU_02</SHLPNAME>
     <SHLPFIELD>TEXT</SHLPFIELD>
     <FLPOSITION>0006</FLPOSITION>
     <SHTYPE>G</SHTYPE>
     <SHLPOUTPUT>X</SHLPOUTPUT>
     <ROLLNAME>S_MEALTEXT</ROLLNAME>
     <DOMNAME>CHAR40</DOMNAME>
     <DATATYPE>CHAR</DATATYPE>
     <LENG>000040</LENG>
    </DD36M>
   </DD36M>
   <TABL_EXTRAS>
    <TDDAT>
     <TABNAME>ZTREQMENU_02</TABNAME>
     <CCLASS>&amp;NC&amp;</CCLASS>
    </TDDAT>
   </TABL_EXTRAS>
  </asx:values>
 </asx:abap>
</abapGit>
