﻿<?xml version="1.0" encoding="utf-8"?>
<abapGit version="v1.0.0" serializer="LCL_OBJECT_VIEW" serializer_version="v1.0.0">
 <asx:abap xmlns:asx="http://www.sap.com/abapxml" version="1.0">
  <asx:values>
   <DD25V>
    <VIEWNAME>ZVMENUINFO_02</VIEWNAME>
    <AS4LOCAL>A</AS4LOCAL>
    <DDLANGUAGE>E</DDLANGUAGE>
    <AGGTYPE>V</AGGTYPE>
    <ROOTTAB>SMENU</ROOTTAB>
    <DDTEXT>database view ,</DDTEXT>
    <VIEWCLASS>D</VIEWCLASS>
    <VIEWGRANT>R</VIEWGRANT>
   </DD25V>
   <DD26V_TABLE>
    <DD26V>
     <VIEWNAME>ZVMENUINFO_02</VIEWNAME>
     <TABNAME>SMENU</TABNAME>
     <TABPOS>0001</TABPOS>
     <FORTABNAME>SMENU</FORTABNAME>
    </DD26V>
    <DD26V>
     <VIEWNAME>ZVMENUINFO_02</VIEWNAME>
     <TABNAME>SMEALT</TABNAME>
     <TABPOS>0002</TABPOS>
    </DD26V>
    <DD26V>
     <VIEWNAME>ZVMENUINFO_02</VIEWNAME>
     <TABNAME>ZTREQMENU_02</TABNAME>
     <TABPOS>0003</TABPOS>
    </DD26V>
    <DD26V>
     <VIEWNAME>ZVMENUINFO_02</VIEWNAME>
     <TABNAME>T002</TABNAME>
     <TABPOS>0004</TABPOS>
    </DD26V>
   </DD26V_TABLE>
   <DD27P_TABLE>
    <DD27P>
     <VIEWFIELD>CARRID</VIEWFIELD>
     <TABNAME>SMENU</TABNAME>
     <FIELDNAME>CARRID</FIELDNAME>
     <KEYFLAG>X</KEYFLAG>
     <CHECKTABLE>SCARR</CHECKTABLE>
     <SHLPORIGIN>P</SHLPORIGIN>
     <SHLPNAME>S_CARRIER_ID</SHLPNAME>
     <SHLPFIELD>CARRID</SHLPFIELD>
    </DD27P>
    <DD27P>
     <VIEWFIELD>MENUNUMBER</VIEWFIELD>
     <TABNAME>SMENU</TABNAME>
     <FIELDNAME>MENUNUMBER</FIELDNAME>
     <KEYFLAG>X</KEYFLAG>
    </DD27P>
    <DD27P>
     <VIEWFIELD>STARTER</VIEWFIELD>
     <TABNAME>SMENU</TABNAME>
     <FIELDNAME>STARTER</FIELDNAME>
     <KEYFLAG>X</KEYFLAG>
     <CHECKTABLE>SSTARTER</CHECKTABLE>
     <SHLPORIGIN>X</SHLPORIGIN>
     <SHLPNAME>S_START</SHLPNAME>
     <SHLPFIELD>MEALNUMBER</SHLPFIELD>
    </DD27P>
    <DD27P>
     <VIEWFIELD>MAINCOURSE</VIEWFIELD>
     <TABNAME>SMENU</TABNAME>
     <FIELDNAME>MAINCOURSE</FIELDNAME>
     <KEYFLAG>X</KEYFLAG>
     <CHECKTABLE>SMACOURSE</CHECKTABLE>
     <SHLPORIGIN>X</SHLPORIGIN>
    </DD27P>
    <DD27P>
     <VIEWFIELD>DESSERT</VIEWFIELD>
     <TABNAME>SMENU</TABNAME>
     <FIELDNAME>DESSERT</FIELDNAME>
     <KEYFLAG>X</KEYFLAG>
     <CHECKTABLE>SDESSERT</CHECKTABLE>
     <SHLPORIGIN>X</SHLPORIGIN>
    </DD27P>
    <DD27P>
     <VIEWFIELD>LANGU</VIEWFIELD>
     <TABNAME>SMEALT</TABNAME>
     <FIELDNAME>SPRACHE</FIELDNAME>
     <KEYFLAG>X</KEYFLAG>
     <CHECKTABLE>T002</CHECKTABLE>
     <SHLPORIGIN>P</SHLPORIGIN>
     <SHLPNAME>H_T002</SHLPNAME>
     <SHLPFIELD>SPRAS</SHLPFIELD>
     <LOGFLAG>X</LOGFLAG>
    </DD27P>
    <DD27P>
     <VIEWFIELD>TEXT</VIEWFIELD>
     <TABNAME>SMEALT</TABNAME>
     <FIELDNAME>TEXT</FIELDNAME>
     <KEYFLAG>X</KEYFLAG>
    </DD27P>
   </DD27P_TABLE>
   <DD28J_TABLE>
    <DD28J>
     <VIEWNAME>ZVMENUINFO_02</VIEWNAME>
     <LTAB>SMENU</LTAB>
     <LFIELD>CARRID</LFIELD>
     <OPERATOR>EQ</OPERATOR>
     <RTAB>SMEALT</RTAB>
     <RFIELD>CARRID</RFIELD>
     <SOURCE>S</SOURCE>
    </DD28J>
    <DD28J>
     <VIEWNAME>ZVMENUINFO_02</VIEWNAME>
     <LTAB>SMENU</LTAB>
     <LFIELD>MAINCOURSE</LFIELD>
     <OPERATOR>EQ</OPERATOR>
     <RTAB>SMEALT</RTAB>
     <RFIELD>MEALNUMBER</RFIELD>
     <SOURCE>S</SOURCE>
    </DD28J>
    <DD28J>
     <VIEWNAME>ZVMENUINFO_02</VIEWNAME>
     <LTAB>ZTREQMENU_02</LTAB>
     <LFIELD>CARRID</LFIELD>
     <OPERATOR>EQ</OPERATOR>
     <RTAB>SMENU</RTAB>
     <RFIELD>CARRID</RFIELD>
     <SOURCE>S</SOURCE>
    </DD28J>
    <DD28J>
     <VIEWNAME>ZVMENUINFO_02</VIEWNAME>
     <LTAB>T002</LTAB>
     <LFIELD>SPRAS</LFIELD>
     <OPERATOR>EQ</OPERATOR>
     <RTAB>SMEALT</RTAB>
     <RFIELD>SPRACHE</RFIELD>
     <SOURCE>S</SOURCE>
    </DD28J>
    <DD28J>
     <VIEWNAME>ZVMENUINFO_02</VIEWNAME>
     <LTAB>SMENU</LTAB>
     <LFIELD>MENUNUMBER</LFIELD>
     <OPERATOR>EQ</OPERATOR>
     <RTAB>ZTREQMENU_02</RTAB>
     <RFIELD>MENUNUMBER</RFIELD>
     <SOURCE>S</SOURCE>
    </DD28J>
   </DD28J_TABLE>
  </asx:values>
 </asx:abap>
</abapGit>
