﻿<?xml version="1.0" encoding="utf-8"?>
<abapGit version="v1.0.0" serializer="LCL_OBJECT_VIEW" serializer_version="v1.0.0">
 <asx:abap xmlns:asx="http://www.sap.com/abapxml" version="1.0">
  <asx:values>
   <DD25V>
    <VIEWNAME>ZVORHEH_02</VIEWNAME>
    <AS4LOCAL>A</AS4LOCAL>
    <DDLANGUAGE>E</DDLANGUAGE>
    <AGGTYPE>V</AGGTYPE>
    <ROOTTAB>ZTORGEH_02</ROOTTAB>
    <DDTEXT>Organization + NAME</DDTEXT>
    <VIEWCLASS>C</VIEWCLASS>
    <CUSTOMAUTH>A</CUSTOMAUTH>
    <GLOBALFLAG>X</GLOBALFLAG>
   </DD25V>
   <DD26V_TABLE>
    <DD26V>
     <VIEWNAME>ZVORHEH_02</VIEWNAME>
     <TABNAME>ZTORGEH_02</TABNAME>
     <TABPOS>0001</TABPOS>
     <FORTABNAME>ZTORGEH_02</FORTABNAME>
    </DD26V>
    <DD26V>
     <VIEWNAME>ZVORHEH_02</VIEWNAME>
     <TABNAME>ZTORGEHT_02</TABNAME>
     <TABPOS>0002</TABPOS>
     <FORTABNAME>ZTORGEH_02</FORTABNAME>
     <FORFIELD>ORGEH</FORFIELD>
     <FORDIR>I</FORDIR>
    </DD26V>
   </DD26V_TABLE>
   <DD27P_TABLE>
    <DD27P>
     <VIEWFIELD>MANDT</VIEWFIELD>
     <TABNAME>ZTORGEH_02</TABNAME>
     <FIELDNAME>MANDT</FIELDNAME>
     <KEYFLAG>X</KEYFLAG>
     <CHECKTABLE>T000</CHECKTABLE>
     <SHLPORIGIN>P</SHLPORIGIN>
    </DD27P>
    <DD27P>
     <VIEWFIELD>ORGEH</VIEWFIELD>
     <TABNAME>ZTORGEH_02</TABNAME>
     <FIELDNAME>ORGEH</FIELDNAME>
     <KEYFLAG>X</KEYFLAG>
     <SHLPORIGIN>D</SHLPORIGIN>
     <SHLPNAME>ZSH_ORG_02</SHLPNAME>
     <SHLPFIELD>ORGEH</SHLPFIELD>
    </DD27P>
    <DD27P>
     <VIEWFIELD>CHEIF</VIEWFIELD>
     <TABNAME>ZTORGEH_02</TABNAME>
     <FIELDNAME>CHEIF</FIELDNAME>
     <CHECKTABLE>ZTEMPLOYEE_02</CHECKTABLE>
     <SHLPORIGIN>P</SHLPORIGIN>
    </DD27P>
    <DD27P>
     <VIEWFIELD>OTEXT</VIEWFIELD>
     <TABNAME>ZTORGEHT_02</TABNAME>
     <FIELDNAME>OTEXT</FIELDNAME>
    </DD27P>
    <DD27P>
     <VIEWFIELD>CHAGEDUSER</VIEWFIELD>
     <TABNAME>ZTORGEH_02</TABNAME>
     <FIELDNAME>CHAGEDUSER</FIELDNAME>
    </DD27P>
    <DD27P>
     <VIEWFIELD>CHANGEDDAY</VIEWFIELD>
     <TABNAME>ZTORGEH_02</TABNAME>
     <FIELDNAME>CHANGEDDAY</FIELDNAME>
     <SHLPORIGIN>T</SHLPORIGIN>
    </DD27P>
    <DD27P>
     <VIEWFIELD>CHANGEDTIME</VIEWFIELD>
     <TABNAME>ZTORGEH_02</TABNAME>
     <FIELDNAME>CHANGEDTIME</FIELDNAME>
     <SHLPORIGIN>T</SHLPORIGIN>
    </DD27P>
   </DD27P_TABLE>
   <DD28J_TABLE>
    <DD28J>
     <VIEWNAME>ZVORHEH_02</VIEWNAME>
     <LTAB>ZTORGEH_02</LTAB>
     <LFIELD>MANDT</LFIELD>
     <OPERATOR>EQ</OPERATOR>
     <RTAB>ZTORGEHT_02</RTAB>
     <RFIELD>MANDT</RFIELD>
     <SOURCE>F</SOURCE>
     <FRKTAB>ZTORGEHT_02</FRKTAB>
     <FRKFIELD>ORGEH</FRKFIELD>
     <FRKDIR>I</FRKDIR>
    </DD28J>
    <DD28J>
     <VIEWNAME>ZVORHEH_02</VIEWNAME>
     <LTAB>ZTORGEH_02</LTAB>
     <LFIELD>ORGEH</LFIELD>
     <OPERATOR>EQ</OPERATOR>
     <RTAB>ZTORGEHT_02</RTAB>
     <RFIELD>ORGEH</RFIELD>
     <SOURCE>F</SOURCE>
     <FRKTAB>ZTORGEHT_02</FRKTAB>
     <FRKFIELD>ORGEH</FRKFIELD>
     <FRKDIR>I</FRKDIR>
    </DD28J>
   </DD28J_TABLE>
   <TABL_EXTRAS>
    <TDDAT>
     <TABNAME>ZVORHEH_02</TABNAME>
     <CCLASS>&amp;NC&amp;</CCLASS>
    </TDDAT>
   </TABL_EXTRAS>
  </asx:values>
 </asx:abap>
</abapGit>
