﻿<?xml version="1.0" encoding="utf-8"?>
<abapGit version="v1.0.0" serializer="LCL_OBJECT_VIEW" serializer_version="v1.0.0">
 <asx:abap xmlns:asx="http://www.sap.com/abapxml" version="1.0">
  <asx:values>
   <DD25V>
    <VIEWNAME>ZVORGEH_SH_02</VIEWNAME>
    <AS4LOCAL>A</AS4LOCAL>
    <DDLANGUAGE>E</DDLANGUAGE>
    <AGGTYPE>V</AGGTYPE>
    <APPLCLASS>HV40</APPLCLASS>
    <ROOTTAB>ZTORGEH_02</ROOTTAB>
    <DDTEXT>orgeh + name + pernr</DDTEXT>
    <VIEWCLASS>H</VIEWCLASS>
    <VIEWGRANT>R</VIEWGRANT>
   </DD25V>
   <DD26V_TABLE>
    <DD26V>
     <VIEWNAME>ZVORGEH_SH_02</VIEWNAME>
     <TABNAME>ZTORGEH_02</TABNAME>
     <TABPOS>0001</TABPOS>
     <FORTABNAME>ZTORGEH_02</FORTABNAME>
    </DD26V>
    <DD26V>
     <VIEWNAME>ZVORGEH_SH_02</VIEWNAME>
     <TABNAME>ZTEMPLOYEE_02</TABNAME>
     <TABPOS>0002</TABPOS>
     <FORTABNAME>ZTORGEH_02</FORTABNAME>
     <FORFIELD>CHEIF</FORFIELD>
     <FORDIR>E</FORDIR>
    </DD26V>
    <DD26V>
     <VIEWNAME>ZVORGEH_SH_02</VIEWNAME>
     <TABNAME>ZTORGEHT_02</TABNAME>
     <TABPOS>0003</TABPOS>
     <FORTABNAME>ZTORGEH_02</FORTABNAME>
     <FORFIELD>ORGEH</FORFIELD>
     <FORDIR>I</FORDIR>
    </DD26V>
   </DD26V_TABLE>
   <DD27P_TABLE>
    <DD27P>
     <VIEWFIELD>MANDT</VIEWFIELD>
     <TABNAME>ZTORGEH_02</TABNAME>
     <FIELDNAME>MANDT</FIELDNAME>
     <KEYFLAG>X</KEYFLAG>
     <CHECKTABLE>T000</CHECKTABLE>
     <SHLPORIGIN>P</SHLPORIGIN>
    </DD27P>
    <DD27P>
     <VIEWFIELD>ORGEH</VIEWFIELD>
     <TABNAME>ZTORGEHT_02</TABNAME>
     <FIELDNAME>ORGEH</FIELDNAME>
     <KEYFLAG>X</KEYFLAG>
     <CHECKTABLE>ZTORGEH_02</CHECKTABLE>
     <SHLPORIGIN>P</SHLPORIGIN>
     <SHLPNAME>ZSH_ORG_02</SHLPNAME>
     <SHLPFIELD>ORGEH</SHLPFIELD>
    </DD27P>
    <DD27P>
     <VIEWFIELD>LANGU</VIEWFIELD>
     <TABNAME>ZTORGEHT_02</TABNAME>
     <FIELDNAME>LANGU</FIELDNAME>
     <KEYFLAG>X</KEYFLAG>
     <CHECKTABLE>T002</CHECKTABLE>
     <SHLPORIGIN>P</SHLPORIGIN>
     <SHLPNAME>H_T002</SHLPNAME>
     <SHLPFIELD>SPRAS</SHLPFIELD>
     <LOGFLAG>X</LOGFLAG>
    </DD27P>
    <DD27P>
     <VIEWFIELD>OTEXT</VIEWFIELD>
     <TABNAME>ZTORGEHT_02</TABNAME>
     <FIELDNAME>OTEXT</FIELDNAME>
    </DD27P>
    <DD27P>
     <VIEWFIELD>CHEIF</VIEWFIELD>
     <TABNAME>ZTORGEH_02</TABNAME>
     <FIELDNAME>CHEIF</FIELDNAME>
     <CHECKTABLE>ZTEMPLOYEE_02</CHECKTABLE>
     <SHLPORIGIN>P</SHLPORIGIN>
    </DD27P>
    <DD27P>
     <VIEWFIELD>PNAME</VIEWFIELD>
     <TABNAME>ZTEMPLOYEE_02</TABNAME>
     <FIELDNAME>PNAME</FIELDNAME>
    </DD27P>
   </DD27P_TABLE>
   <DD28J_TABLE>
    <DD28J>
     <VIEWNAME>ZVORGEH_SH_02</VIEWNAME>
     <LTAB>ZTEMPLOYEE_02</LTAB>
     <LFIELD>MANDT</LFIELD>
     <OPERATOR>EQ</OPERATOR>
     <RTAB>ZTORGEH_02</RTAB>
     <RFIELD>MANDT</RFIELD>
     <SOURCE>F</SOURCE>
     <FRKTAB>ZTORGEH_02</FRKTAB>
     <FRKFIELD>CHEIF</FRKFIELD>
     <FRKDIR>E</FRKDIR>
    </DD28J>
    <DD28J>
     <VIEWNAME>ZVORGEH_SH_02</VIEWNAME>
     <LTAB>ZTEMPLOYEE_02</LTAB>
     <LFIELD>PERNR</LFIELD>
     <OPERATOR>EQ</OPERATOR>
     <RTAB>ZTORGEH_02</RTAB>
     <RFIELD>CHEIF</RFIELD>
     <SOURCE>F</SOURCE>
     <FRKTAB>ZTORGEH_02</FRKTAB>
     <FRKFIELD>CHEIF</FRKFIELD>
     <FRKDIR>E</FRKDIR>
    </DD28J>
    <DD28J>
     <VIEWNAME>ZVORGEH_SH_02</VIEWNAME>
     <LTAB>ZTORGEH_02</LTAB>
     <LFIELD>MANDT</LFIELD>
     <OPERATOR>EQ</OPERATOR>
     <RTAB>ZTORGEHT_02</RTAB>
     <RFIELD>MANDT</RFIELD>
     <SOURCE>F</SOURCE>
     <FRKTAB>ZTORGEHT_02</FRKTAB>
     <FRKFIELD>ORGEH</FRKFIELD>
     <FRKDIR>I</FRKDIR>
    </DD28J>
    <DD28J>
     <VIEWNAME>ZVORGEH_SH_02</VIEWNAME>
     <LTAB>ZTORGEH_02</LTAB>
     <LFIELD>ORGEH</LFIELD>
     <OPERATOR>EQ</OPERATOR>
     <RTAB>ZTORGEHT_02</RTAB>
     <RFIELD>ORGEH</RFIELD>
     <SOURCE>F</SOURCE>
     <FRKTAB>ZTORGEHT_02</FRKTAB>
     <FRKFIELD>ORGEH</FRKFIELD>
     <FRKDIR>I</FRKDIR>
    </DD28J>
   </DD28J_TABLE>
  </asx:values>
 </asx:abap>
</abapGit>
