﻿<?xml version="1.0" encoding="utf-8"?>
<abapGit version="v1.0.0" serializer="LCL_OBJECT_VIEW" serializer_version="v1.0.0">
 <asx:abap xmlns:asx="http://www.sap.com/abapxml" version="1.0">
  <asx:values>
   <DD25V>
    <VIEWNAME>ZVPERINFO_02</VIEWNAME>
    <AS4LOCAL>A</AS4LOCAL>
    <DDLANGUAGE>E</DDLANGUAGE>
    <AGGTYPE>V</AGGTYPE>
    <ROOTTAB>ZTEMPLOYEE_02</ROOTTAB>
    <DDTEXT>Database View , pernr + pname + orgeh + langu + otext</DDTEXT>
    <VIEWCLASS>D</VIEWCLASS>
    <VIEWGRANT>R</VIEWGRANT>
   </DD25V>
   <DD26V_TABLE>
    <DD26V>
     <VIEWNAME>ZVPERINFO_02</VIEWNAME>
     <TABNAME>ZTEMPLOYEE_02</TABNAME>
     <TABPOS>0001</TABPOS>
     <FORTABNAME>ZTEMPLOYEE_02</FORTABNAME>
    </DD26V>
    <DD26V>
     <VIEWNAME>ZVPERINFO_02</VIEWNAME>
     <TABNAME>ZTORGEH_02</TABNAME>
     <TABPOS>0002</TABPOS>
    </DD26V>
    <DD26V>
     <VIEWNAME>ZVPERINFO_02</VIEWNAME>
     <TABNAME>ZTORGEHT_02</TABNAME>
     <TABPOS>0003</TABPOS>
    </DD26V>
    <DD26V>
     <VIEWNAME>ZVPERINFO_02</VIEWNAME>
     <TABNAME>T002</TABNAME>
     <TABPOS>0004</TABPOS>
    </DD26V>
   </DD26V_TABLE>
   <DD27P_TABLE>
    <DD27P>
     <VIEWFIELD>MANDT</VIEWFIELD>
     <TABNAME>ZTEMPLOYEE_02</TABNAME>
     <FIELDNAME>MANDT</FIELDNAME>
     <KEYFLAG>X</KEYFLAG>
     <CHECKTABLE>T000</CHECKTABLE>
     <SHLPORIGIN>P</SHLPORIGIN>
    </DD27P>
    <DD27P>
     <VIEWFIELD>PERNR</VIEWFIELD>
     <TABNAME>ZTEMPLOYEE_02</TABNAME>
     <FIELDNAME>PERNR</FIELDNAME>
     <KEYFLAG>X</KEYFLAG>
     <SHLPORIGIN>D</SHLPORIGIN>
     <SHLPNAME>ZSH_PER_02</SHLPNAME>
     <SHLPFIELD>PERNR</SHLPFIELD>
    </DD27P>
    <DD27P>
     <VIEWFIELD>PNAME</VIEWFIELD>
     <TABNAME>ZTEMPLOYEE_02</TABNAME>
     <FIELDNAME>PNAME</FIELDNAME>
     <KEYFLAG>X</KEYFLAG>
    </DD27P>
    <DD27P>
     <VIEWFIELD>ORGEH</VIEWFIELD>
     <TABNAME>ZTEMPLOYEE_02</TABNAME>
     <FIELDNAME>ORGEH</FIELDNAME>
     <KEYFLAG>X</KEYFLAG>
     <CHECKTABLE>ZTORGEH_02</CHECKTABLE>
     <SHLPORIGIN>P</SHLPORIGIN>
     <SHLPNAME>ZSH_ORG_02</SHLPNAME>
     <SHLPFIELD>ORGEH</SHLPFIELD>
    </DD27P>
    <DD27P>
     <VIEWFIELD>OTEXT</VIEWFIELD>
     <TABNAME>ZTORGEHT_02</TABNAME>
     <FIELDNAME>OTEXT</FIELDNAME>
     <KEYFLAG>X</KEYFLAG>
    </DD27P>
    <DD27P>
     <VIEWFIELD>LANGU</VIEWFIELD>
     <TABNAME>ZTORGEHT_02</TABNAME>
     <FIELDNAME>LANGU</FIELDNAME>
     <KEYFLAG>X</KEYFLAG>
     <CHECKTABLE>T002</CHECKTABLE>
     <SHLPORIGIN>P</SHLPORIGIN>
     <SHLPNAME>H_T002</SHLPNAME>
     <SHLPFIELD>SPRAS</SHLPFIELD>
     <LOGFLAG>X</LOGFLAG>
    </DD27P>
    <DD27P>
     <VIEWFIELD>DELETED</VIEWFIELD>
     <TABNAME>ZTEMPLOYEE_02</TABNAME>
     <FIELDNAME>DELETED</FIELDNAME>
     <SHLPORIGIN>F</SHLPORIGIN>
     <VALEXI>X</VALEXI>
    </DD27P>
   </DD27P_TABLE>
   <DD28J_TABLE>
    <DD28J>
     <VIEWNAME>ZVPERINFO_02</VIEWNAME>
     <LTAB>ZTORGEH_02</LTAB>
     <LFIELD>MANDT</LFIELD>
     <OPERATOR>EQ</OPERATOR>
     <RTAB>ZTEMPLOYEE_02</RTAB>
     <RFIELD>MANDT</RFIELD>
     <SOURCE>S</SOURCE>
    </DD28J>
    <DD28J>
     <VIEWNAME>ZVPERINFO_02</VIEWNAME>
     <LTAB>ZTORGEH_02</LTAB>
     <LFIELD>ORGEH</LFIELD>
     <OPERATOR>EQ</OPERATOR>
     <RTAB>ZTEMPLOYEE_02</RTAB>
     <RFIELD>ORGEH</RFIELD>
     <SOURCE>S</SOURCE>
    </DD28J>
    <DD28J>
     <VIEWNAME>ZVPERINFO_02</VIEWNAME>
     <LTAB>ZTORGEH_02</LTAB>
     <LFIELD>MANDT</LFIELD>
     <OPERATOR>EQ</OPERATOR>
     <RTAB>ZTORGEHT_02</RTAB>
     <RFIELD>MANDT</RFIELD>
     <SOURCE>S</SOURCE>
    </DD28J>
    <DD28J>
     <VIEWNAME>ZVPERINFO_02</VIEWNAME>
     <LTAB>ZTORGEH_02</LTAB>
     <LFIELD>ORGEH</LFIELD>
     <OPERATOR>EQ</OPERATOR>
     <RTAB>ZTORGEHT_02</RTAB>
     <RFIELD>ORGEH</RFIELD>
     <SOURCE>S</SOURCE>
    </DD28J>
    <DD28J>
     <VIEWNAME>ZVPERINFO_02</VIEWNAME>
     <LTAB>T002</LTAB>
     <LFIELD>SPRAS</LFIELD>
     <OPERATOR>EQ</OPERATOR>
     <RTAB>ZTORGEHT_02</RTAB>
     <RFIELD>LANGU</RFIELD>
     <SOURCE>S</SOURCE>
    </DD28J>
   </DD28J_TABLE>
   <DD28V_TABLE>
    <DD28V>
     <CONDNAME>ZVPERINFO_02</CONDNAME>
     <POSITION>0011</POSITION>
     <TABNAME>ZTEMPLOYEE_02</TABNAME>
     <FIELDNAME>DELETED</FIELDNAME>
     <OPERATOR>NE</OPERATOR>
     <CONSTANTS>&apos;X&apos;</CONSTANTS>
    </DD28V>
   </DD28V_TABLE>
  </asx:values>
 </asx:abap>
</abapGit>
